<?xml version="1.0" encoding="UTF-8"?>
<checkstyle version="10.24.0">
<file name="C:\Users\paulo\OneDrive\Documentos\trabalho_anderson\junit5-samples\junit5-jupiter-starter-maven\src\main\java\com\example\project\Calculator.java">
<error line="13" column="1" severity="warning" message="Falta o comentário Javadoc." source="com.puppycrawl.tools.checkstyle.checks.javadoc.MissingJavadocTypeCheck"/>
<error line="15" column="1" severity="warning" message="A linha contém um caractere de tabulação." source="com.puppycrawl.tools.checkstyle.checks.whitespace.FileTabCharacterCheck"/>
<error line="15" column="9" severity="warning" message="&apos;method def modifier&apos; tem um nível de indentação incorreto de 8. O nível esperado era o 2." source="com.puppycrawl.tools.checkstyle.checks.indentation.IndentationCheck"/>
<error line="15" column="9" severity="warning" message="Falta o comentário Javadoc." source="com.puppycrawl.tools.checkstyle.checks.javadoc.MissingJavadocMethodCheck"/>
<error line="16" column="1" severity="warning" message="A linha contém um caractere de tabulação." source="com.puppycrawl.tools.checkstyle.checks.whitespace.FileTabCharacterCheck"/>
<error line="16" column="17" severity="warning" message="O filho de &apos;method def&apos; está no nível de indentação incorreto de 16. O nível esperado era o 4." source="com.puppycrawl.tools.checkstyle.checks.indentation.IndentationCheck"/>
<error line="17" column="1" severity="warning" message="A linha contém um caractere de tabulação." source="com.puppycrawl.tools.checkstyle.checks.whitespace.FileTabCharacterCheck"/>
<error line="17" column="9" severity="warning" message="&apos;method def rcurly&apos; tem um nível de indentação incorreto de 8. O nível esperado era o 2." source="com.puppycrawl.tools.checkstyle.checks.indentation.IndentationCheck"/>
</file>
</checkstyle>
