<settings xmlns="http://maven.apache.org/SETTINGS/1.0.0" xmlns:xsi="http://www.w3.org/2001/XMLSchema-instance"
          xsi:schemaLocation="http://maven.apache.org/SETTINGS/1.0.0 https://maven.apache.org/xsd/settings-1.0.0.xsd">
  <servers>
    <server>
      <id>central-staging</id>
      <configuration>
        <httpHeaders>
          <property>
            <name>Authorization</name>
            <value>Bearer ${env.MAVEN_CENTRAL_USER_TOKEN}</value>
          </property>
        </httpHeaders>
      </configuration>
    </server>
  </servers>
  <profiles>
    <profile>
      <id>central-staging</id>
      <repositories>
        <repository>
          <id>central-staging</id>
          <url>${env.STAGING_REPO_URL}</url>
        </repository>
      </repositories>
    </profile>
  </profiles>
</settings>
